{
    "keep": {
        "days": true,
        "amount": 90
    },
    "auditLog": "logs\\.ced4bece9c460ce78b5e818131db9cb863887cca-audit.json",
    "files": [
        {
            "date": 1738637684863,
            "name": "logs\\api-2025-02-04.log",
            "hash": "9c1024efc90465d8dea0f78f945f46cd"
        },
        {
            "date": 1738719585034,
            "name": "logs\\api-2025-02-05.log",
            "hash": "2412cc17dc7f3ae3622f7b18a3ee3e8f"
        },
        {
            "date": 1739183796056,
            "name": "logs\\api-2025-02-10.log",
            "hash": "ba6ab564ac9132bca476f7e4ded4fa11"
        },
        {
            "date": 1739440100932,
            "name": "logs\\api-2025-02-13.log",
            "hash": "cbc0a4669bf8ca54abc23fb13b55c73b"
        },
        {
            "date": 1740021466699,
            "name": "logs\\api-2025-02-20.log",
            "hash": "357bfc1b4688ca3b4ff8558fc7191141"
        }
    ]
}